threshold,raw_cnn_accuracy,fallback_usage_count,final_routed_accuracy
0.1,0.2777777777777778,0,0.2777777777777778
0.2,0.2777777777777778,2,0.28888888888888886
0.3,0.2777777777777778,40,0.43333333333333335
0.4,0.2777777777777778,81,0.6333333333333333
0.5,0.2777777777777778,90,0.6888888888888889
0.6,0.2777777777777778,90,0.6888888888888889
