{
  "test_accuracy": 0.3584905660377358,
  "test_precision_macro": 0.28699633699633703,
  "test_recall_macro": 0.35687830687830685,
  "test_f1_macro": 0.3069786096256684,
  "test_precision_weighted": 0.2929504457806345,
  "test_recall_weighted": 0.3584905660377358,
  "test_f1_weighted": 0.3105509030370296,
  "classes": [
    "book_accommodation",
    "calculate_accommodation_billing",
    "calculate_billing",
    "get_accommodation_recommendation",
    "get_recommendation",
    "get_tourism_information"
  ],
  "confusion_matrix": [
    [
      8,
      0,
      0,
      0,
      0,
      1
    ],
    [
      3,
      2,
      0,
      0,
      1,
      1
    ],
    [
      1,
      4,
      0,
      1,
      3,
      0
    ],
    [
      0,
      2,
      0,
      3,
      3,
      2
    ],
    [
      2,
      1,
      0,
      1,
      4,
      1
    ],
    [
      2,
      1,
      0,
      2,
      2,
      2
    ]
  ],
  "classification_report": "                                  precision    recall  f1-score   support\n\n              book_accommodation       0.50      0.89      0.64         9\n calculate_accommodation_billing       0.20      0.29      0.24         7\n               calculate_billing       0.00      0.00      0.00         9\nget_accommodation_recommendation       0.43      0.30      0.35        10\n              get_recommendation       0.31      0.44      0.36         9\n         get_tourism_information       0.29      0.22      0.25         9\n\n                        accuracy                           0.36        53\n                       macro avg       0.29      0.36      0.31        53\n                    weighted avg       0.29      0.36      0.31        53\n",
  "epochs_ran": 2,
  "final_train_acc": 0.47755101323127747,
  "final_val_acc": 0.36538460850715637
}